{"num_node_expansions": 511.53366666666665, "plan_length": 95.54833333333333, "search_time": 0.1043510322, "total_time": 0.2699802151, "success_rate": 1.0, "timeout_rate": 0.0, "failure_rate": 0.0}