{"num_node_expansions": 325.0, "plan_length": 72.0, "search_time": 2.55, "total_time": 2.55, "success_rate": 0.9467391304347826, "timeout_rate": 0.0, "failure_rate": 0.05326086956521739}