{"num_node_expansions": 347.0, "plan_length": 68.0, "search_time": 0.92, "total_time": 0.92, "success_rate": 0.9923333333333333, "timeout_rate": 0.0, "failure_rate": 0.007666666666666666}