{"num_node_expansions": 321.49560084641945, "plan_length": 70.31885510635928, "search_time": 1.0036295801314177, "total_time": 1.0036295801314177, "success_rate": 0.9759782608695652, "timeout_rate": 0.02402173913043478, "failure_rate": 0.0}