{"num_node_expansions": 325.0, "plan_length": 72.0, "search_time": 2.36, "total_time": 2.36, "success_rate": 0.9581521739130435, "timeout_rate": 0.0, "failure_rate": 0.04184782608695652}