{"num_node_expansions": 347.0, "plan_length": 68.0, "search_time": 0.7699999999999999, "total_time": 0.7699999999999999, "success_rate": 0.9996666666666667, "timeout_rate": 0.0, "failure_rate": 0.0003333333333333333}