{"num_node_expansions": 135.98131313131313, "plan_length": 46.91323232323232, "search_time": 0.028470980039393936, "total_time": 0.1550590994040404, "success_rate": 1.0, "timeout_rate": 0.0, "failure_rate": 0.0}