{"num_node_expansions": 253.0, "plan_length": 59.0, "search_time": 0.042973400000000016, "total_time": 0.16319600000000006, "success_rate": 0.9914141414141414, "timeout_rate": 0.0, "failure_rate": 0.008585858585858586}