{"num_node_expansions": 91.73617647058823, "plan_length": 34.375, "search_time": 0.19777058823529414, "total_time": 0.19777058823529414, "success_rate": 1.0, "timeout_rate": 0.0, "failure_rate": 0.0}