{"num_node_expansions": 93.0, "plan_length": 34.0, "search_time": 0.21, "total_time": 0.21, "success_rate": 0.9988888888888889, "timeout_rate": 0.0, "failure_rate": 0.0011111111111111111}