{"num_node_expansions": 91.8869696969697, "plan_length": 34.336565656565654, "search_time": 0.31304343434343435, "total_time": 0.31304343434343435, "success_rate": 1.0, "timeout_rate": 0.0, "failure_rate": 0.0}