{"num_node_expansions": 93.0, "plan_length": 34.0, "search_time": 0.14999999999999997, "total_time": 0.14999999999999997, "success_rate": 0.9997979797979798, "timeout_rate": 0.0, "failure_rate": 0.00020202020202020202}