{"num_node_expansions": 698.75, "plan_length": 143.75, "search_time": 0.670285125, "total_time": 2.70053875, "num_node_expansions_std": 309.2615195914293, "plan_length_std": 16.292252760131117, "search_time_std": 0.33163962683967574, "total_time_std": 0.9111925037613826, "success_rate": 0.2, "timeout_rate": 0.8, "failure_rate": 0.0}