{
    "failure_rate": 0.0,
    "num_node_expansions": 4113.6122448979595,
    "num_node_expansions_std": 4011.913838252804,
    "plan_length": 120.18367346938776,
    "plan_length_std": 13.154767071662816,
    "search_time": 4.033265306122449,
    "search_time_std": 2.9023589193894677,
    "success_rate": 0.28488372093023256,
    "timeout_rate": 0.7151162790697675,
    "total_time": 4.033265306122449,
    "total_time_std": 2.9023589193894677
}