{"num_node_expansions": 3019.75, "plan_length": 119.83333333333333, "search_time": 2.2133333333333334, "total_time": 2.2133333333333334, "num_node_expansions_std": 1397.7770521438674, "plan_length_std": 16.496632653026158, "search_time_std": 1.3890244378299788, "total_time_std": 1.3890244378299788, "success_rate": 0.3, "timeout_rate": 0.7, "failure_rate": 0.0}