{
    "failure_rate": 0.0,
    "num_node_expansions": 4139.375,
    "num_node_expansions_std": 4048.2706010560855,
    "plan_length": 120.125,
    "plan_length_std": 13.295715161910872,
    "search_time": 3.9672916666666667,
    "search_time_std": 2.6357334048794128,
    "success_rate": 0.27906976744186046,
    "timeout_rate": 0.7209302325581395,
    "total_time": 3.9672916666666667,
    "total_time_std": 2.6357334048794128
}