{
    "failure_rate": 0.0,
    "num_node_expansions": 823.6,
    "num_node_expansions_std": 204.35126620601105,
    "plan_length": 145.6,
    "plan_length_std": 19.663163529808728,
    "search_time": 0.7496054,
    "search_time_std": 0.20069138921797317,
    "success_rate": 0.09090909090909091,
    "timeout_rate": 0.9090909090909091,
    "total_time": 2.923954,
    "total_time_std": 0.28910151847404747
}