{
    "failure_rate": 0.0,
    "num_node_expansions": 15056.0,
    "num_node_expansions_std": 2809.8913858012374,
    "plan_length": 123.8,
    "plan_length_std": 10.186265262597475,
    "search_time": 7.43,
    "search_time_std": 1.5819102376557275,
    "success_rate": 0.125,
    "timeout_rate": 0.875,
    "total_time": 7.43,
    "total_time_std": 1.5819102376557275
}