{
    "failure_rate": 0.0,
    "num_node_expansions": 8892.0,
    "num_node_expansions_std": 1724.0,
    "plan_length": 139.0,
    "plan_length_std": 7.0,
    "search_time": 8.940000000000001,
    "search_time_std": 0.05999999999999961,
    "success_rate": 0.03636363636363636,
    "timeout_rate": 0.9636363636363636,
    "total_time": 8.940000000000001,
    "total_time_std": 0.05999999999999961
}