{
    "failure_rate": 0.0,
    "num_node_expansions": 9639.0,
    "num_node_expansions_std": 1759.9626889984534,
    "plan_length": 131.0,
    "plan_length_std": 12.675435561221029,
    "search_time": 8.946666666666667,
    "search_time_std": 0.5525898619731956,
    "success_rate": 0.05454545454545454,
    "timeout_rate": 0.9454545454545454,
    "total_time": 8.946666666666667,
    "total_time_std": 0.5525898619731956
}