{
    "failure_rate": 0.0,
    "num_node_expansions": 21.537414965986393,
    "num_node_expansions_std": 5.316220985107477,
    "plan_length": 15.782312925170068,
    "plan_length_std": 4.365163588432686,
    "search_time": 0.06710214816326532,
    "search_time_std": 0.07449914789582239,
    "success_rate": 0.8546511627906976,
    "timeout_rate": 0.14534883720930233,
    "total_time": 1.9850894401360544,
    "total_time_std": 1.5649170910852774
}