{"num_node_expansions": 1219.0, "plan_length": 111.0, "search_time": 0.20644999999999994, "total_time": 0.33425299999999997, "success_rate": 1.0, "timeout_rate": 0.0, "failure_rate": 0.0}