{"num_node_expansions": 332.0, "plan_length": 71.0, "search_time": 0.08, "total_time": 0.08, "success_rate": 0.9976666666666667, "timeout_rate": 0.0, "failure_rate": 0.0023333333333333335}