{"num_node_expansions": 310.0, "plan_length": 68.0, "search_time": 1.0399999999999996, "total_time": 1.0399999999999996, "success_rate": 0.9585869565217391, "timeout_rate": 0.0, "failure_rate": 0.04141304347826087}