{"num_node_expansions": 704.2142857142857, "plan_length": 159.28571428571428, "search_time": 0.8181189999999999, "total_time": 2.613470714285714, "num_node_expansions_std": 236.61607799840428, "plan_length_std": 19.366497476048576, "search_time_std": 0.4510444539621344, "total_time_std": 0.9056098243761673, "success_rate": 0.2545454545454545, "timeout_rate": 0.7454545454545455, "failure_rate": 0.0}