{
    "failure_rate": 0.0,
    "num_node_expansions": 73.35460992907801,
    "num_node_expansions_std": 29.725728462886543,
    "plan_length": 38.97872340425532,
    "plan_length_std": 13.058226441708207,
    "search_time": 0.2517464793617021,
    "search_time_std": 0.250568475218242,
    "success_rate": 0.8197674418604651,
    "timeout_rate": 0.18023255813953487,
    "total_time": 2.462907297872341,
    "total_time_std": 1.826614303785837
}