{
    "failure_rate": 0.0,
    "num_node_expansions": 3521.5714285714284,
    "num_node_expansions_std": 1001.4524961478784,
    "plan_length": 126.78571428571429,
    "plan_length_std": 13.055806433639138,
    "search_time": 3.7800000000000002,
    "search_time_std": 2.3117185938480613,
    "success_rate": 0.2545454545454545,
    "timeout_rate": 0.7454545454545455,
    "total_time": 3.7800000000000002,
    "total_time_std": 2.3117185938480613
}