{"num_node_expansions": 2398.0862068965516, "plan_length": 25.74137931034483, "search_time": 16.819986034482756, "total_time": 16.98210303448276, "num_node_expansions_std": 4396.192593614909, "plan_length_std": 4.625865603350533, "search_time_std": 16.326234170051162, "total_time_std": 16.356817335466445, "success_rate": 0.3372093023255814, "timeout_rate": 0.6627906976744186, "failure_rate": 0.0}