{
    "failure_rate": 0.0,
    "num_node_expansions": 20.31111111111111,
    "num_node_expansions_std": 4.210158203531719,
    "plan_length": 15.266666666666667,
    "plan_length_std": 4.007770230717103,
    "search_time": 0.04912480466666667,
    "search_time_std": 0.048607506887010994,
    "success_rate": 0.8181818181818182,
    "timeout_rate": 0.18181818181818182,
    "total_time": 1.705120044444444,
    "total_time_std": 1.258006525680689
}