{"num_node_expansions": 1027.344827586207, "plan_length": 202.55172413793105, "search_time": 2.675162931034483, "total_time": 6.130038896551724, "success_rate": 0.725, "timeout_rate": 0.275, "failure_rate": 0.0}