{"num_node_expansions": 735.6410256410256, "plan_length": 158.5897435897436, "search_time": 6.413333333333334, "total_time": 6.413333333333334, "success_rate": 0.975, "timeout_rate": 0.025, "failure_rate": 0.0}