{"num_node_expansions": 730.245508982036, "plan_length": 161.2814371257485, "search_time": 6.515928143712576, "total_time": 6.515928143712576, "success_rate": 0.9709302325581395, "timeout_rate": 0.029069767441860465, "failure_rate": 0.0}