{"num_node_expansions": 742.0238095238095, "plan_length": 161.73809523809524, "search_time": 6.609583333333332, "total_time": 6.609583333333332, "success_rate": 0.9767441860465116, "timeout_rate": 0.023255813953488372, "failure_rate": 0.0}