{"num_node_expansions": 396.0, "plan_length": 100.0, "search_time": 0.09968559999999999, "total_time": 0.388166, "success_rate": 0.9998913043478261, "timeout_rate": 0.0, "failure_rate": 0.00010869565217391305}