{"num_node_expansions": 502.75, "plan_length": 120.25, "search_time": 0.4060462083333333, "total_time": 1.4142879166666666, "success_rate": 0.23225806451612904, "timeout_rate": 0.7677419354838709, "failure_rate": 0.0}