{"num_node_expansions": 331.2164179104478, "plan_length": 58.76865671641791, "search_time": 0.30136502611940297, "total_time": 1.1833786865671643, "success_rate": 0.13958333333333334, "timeout_rate": 0.8604166666666667, "failure_rate": 0.0}