{"num_node_expansions": 1300.5647058823529, "plan_length": 218.03529411764706, "search_time": 11.534843505882353, "total_time": 18.28620968235294, "success_rate": 0.8854166666666666, "timeout_rate": 0.11458333333333333, "failure_rate": 0.0}