{"num_node_expansions": 1155.2068965517242, "plan_length": 216.48275862068965, "search_time": 7.390431931034482, "total_time": 13.057498137931036, "success_rate": 0.9354838709677419, "timeout_rate": 0.06451612903225806, "failure_rate": 0.0}