{"num_node_expansions": 475.39830508474574, "plan_length": 122.66101694915254, "search_time": 0.41515555932203385, "total_time": 1.3878723559322035, "success_rate": 0.12291666666666666, "timeout_rate": 0.8770833333333333, "failure_rate": 0.0}