{"num_node_expansions": 312.60714285714283, "plan_length": 56.38095238095238, "search_time": 0.2920847642857143, "total_time": 1.2283693214285716, "success_rate": 0.2709677419354839, "timeout_rate": 0.7290322580645161, "failure_rate": 0.0}