{"num_node_expansions": 448.74418604651163, "plan_length": 107.48837209302326, "search_time": 0.4094482209302325, "total_time": 1.5359082558139538, "success_rate": 0.08958333333333333, "timeout_rate": 0.9104166666666667, "failure_rate": 0.0}