{"num_node_expansions": 495.9107142857143, "plan_length": 108.80357142857143, "search_time": 0.4933711607142857, "total_time": 1.7072537857142858, "success_rate": 0.18064516129032257, "timeout_rate": 0.8193548387096774, "failure_rate": 0.0}