{"num_node_expansions": 325.0, "plan_length": 72.0, "search_time": 1.3000000000000003, "total_time": 1.3000000000000003, "success_rate": 0.9756521739130435, "timeout_rate": 0.0, "failure_rate": 0.02434782608695652}