{"num_node_expansions": 347.0, "plan_length": 68.0, "search_time": 0.4600000000000001, "total_time": 0.4600000000000001, "success_rate": 1.0, "timeout_rate": 0.0, "failure_rate": 0.0}