{"num_node_expansions": 23.0, "plan_length": 15.0, "search_time": 0.006496000000000001, "total_time": 0.12000100000000001, "success_rate": 0.9951465927099842, "timeout_rate": 0.0, "failure_rate": 0.004853407290015848}