{"num_node_expansions": 24.0, "plan_length": 18.0, "search_time": 0.0020615200000000003, "total_time": 0.050288099999999995, "success_rate": 1.0, "timeout_rate": 0.0, "failure_rate": 0.0}