{"num_node_expansions": 20.0, "plan_length": 12.0, "search_time": 0.03000000000000001, "total_time": 0.03000000000000001, "success_rate": 1.0, "timeout_rate": 0.0, "failure_rate": 0.0}