{"num_node_expansions": 20.200376386687797, "plan_length": 12.8290412044374, "search_time": 0.05525752773375595, "total_time": 0.05525752773375595, "success_rate": 1.0, "timeout_rate": 0.0, "failure_rate": 0.0}