{"num_node_expansions": 825.4117647058823, "plan_length": 170.73529411764707, "search_time": 4.2267705, "total_time": 9.272484088235293, "success_rate": 0.85, "timeout_rate": 0.15, "failure_rate": 0.0}