{"num_node_expansions": 2063.705882352941, "plan_length": 140.62745098039215, "search_time": 11.74607843137255, "total_time": 11.74607843137255, "success_rate": 0.9272727272727272, "timeout_rate": 0.07272727272727272, "failure_rate": 0.0}