{"num_node_expansions": 1729.2592592592594, "plan_length": 130.88888888888889, "search_time": 3.4796296296296294, "total_time": 3.4796296296296294, "num_node_expansions_std": 576.2477985877508, "plan_length_std": 15.05135242682674, "search_time_std": 2.8860706101080567, "total_time_std": 2.8860706101080567, "success_rate": 0.675, "timeout_rate": 0.325, "failure_rate": 0.0}