{"num_node_expansions": 1451.1063829787233, "plan_length": 232.25531914893617, "search_time": 5.79214455319149, "total_time": 10.38472685106383, "success_rate": 0.8545454545454545, "timeout_rate": 0.14545454545454545, "failure_rate": 0.0}