{"num_node_expansions": 713.5, "plan_length": 159.53571428571428, "search_time": 2.356127214285714, "total_time": 6.479802749999999, "success_rate": 0.7, "timeout_rate": 0.3, "failure_rate": 0.0}