{"num_node_expansions": 859.0514705882352, "plan_length": 169.77941176470588, "search_time": 3.7766564779411764, "total_time": 9.133996169117648, "success_rate": 0.7906976744186046, "timeout_rate": 0.20930232558139536, "failure_rate": 0.0}