{"num_node_expansions": 1888.7307692307693, "plan_length": 135.57051282051282, "search_time": 10.125064102564103, "total_time": 10.125064102564103, "success_rate": 0.9069767441860465, "timeout_rate": 0.09302325581395349, "failure_rate": 0.0}