{"num_node_expansions": 1707.0, "plan_length": 129.90196078431373, "search_time": 3.1797058823529403, "total_time": 3.1797058823529403, "num_node_expansions_std": 750.6566798346579, "plan_length_std": 16.455829054800464, "search_time_std": 2.803892062439019, "total_time_std": 2.803892062439019, "success_rate": 0.5930232558139535, "timeout_rate": 0.4069767441860465, "failure_rate": 0.0}