{
    "failure_rate": 0.0,
    "num_node_expansions": 1022.3333333333334,
    "num_node_expansions_std": 482.4629404305463,
    "plan_length": 187.33333333333334,
    "plan_length_std": 20.590181047177694,
    "search_time": 0.7330880666666666,
    "search_time_std": 0.3840674272413576,
    "success_rate": 0.2727272727272727,
    "timeout_rate": 0.7272727272727273,
    "total_time": 1.7964153333333333,
    "total_time_std": 0.586759004931402
}