{"num_node_expansions": 1223.4722222222222, "plan_length": 214.88888888888889, "search_time": 4.260055305555556, "total_time": 8.428385472222221, "success_rate": 0.9, "timeout_rate": 0.1, "failure_rate": 0.0}