{"num_node_expansions": 800.7962962962963, "plan_length": 164.62962962962962, "search_time": 6.518518518518517, "total_time": 6.518518518518517, "success_rate": 0.9818181818181818, "timeout_rate": 0.01818181818181818, "failure_rate": 0.0}