{
    "failure_rate": 0.0,
    "num_node_expansions": 70.28888888888889,
    "num_node_expansions_std": 23.13018443719733,
    "plan_length": 38.46666666666667,
    "plan_length_std": 10.750917273527046,
    "search_time": 0.2150042266666667,
    "search_time_std": 0.2103494273395426,
    "success_rate": 0.8181818181818182,
    "timeout_rate": 0.18181818181818182,
    "total_time": 2.3761065777777777,
    "total_time_std": 1.7564917404972202
}