{"num_node_expansions": 1784.918918918919, "plan_length": 135.02702702702703, "search_time": 10.203243243243245, "total_time": 10.203243243243245, "success_rate": 0.925, "timeout_rate": 0.075, "failure_rate": 0.0}