{"num_node_expansions": 818.5581395348837, "plan_length": 173.13953488372093, "search_time": 3.66446511627907, "total_time": 9.040683627906976, "success_rate": 0.7818181818181819, "timeout_rate": 0.21818181818181817, "failure_rate": 0.0}