{"num_node_expansions": 2008.0, "plan_length": 132.51282051282053, "search_time": 9.753846153846153, "total_time": 9.753846153846153, "success_rate": 0.975, "timeout_rate": 0.025, "failure_rate": 0.0}