{"num_node_expansions": 10.0, "plan_length": 8.0, "search_time": 0.00152828, "total_time": 0.09981520000000003, "success_rate": 0.9978597139799591, "timeout_rate": 0.0, "failure_rate": 0.00214028602004086}