{"num_node_expansions": 9.792684113240588, "plan_length": 6.865453837921977, "search_time": 0.0017582974157019167, "total_time": 0.07968851690825955, "success_rate": 1.0, "timeout_rate": 0.0, "failure_rate": 0.0}