{"num_node_expansions": 9.809705882352942, "plan_length": 6.873823529411765, "search_time": 0.0016246453808823529, "total_time": 0.07245040329411764, "success_rate": 1.0, "timeout_rate": 0.0, "failure_rate": 0.0}