{"num_node_expansions": 8.002647058823529, "plan_length": 6.00264705882353, "search_time": 0.02553823529411765, "total_time": 0.02553823529411765, "success_rate": 1.0, "timeout_rate": 0.0, "failure_rate": 0.0}