{
    "failure_rate": 0.0,
    "num_node_expansions": 1227.6666666666667,
    "num_node_expansions_std": 832.3108727446067,
    "plan_length": 185.58333333333334,
    "plan_length_std": 24.16767239286582,
    "search_time": 0.9195075833333334,
    "search_time_std": 0.8050665030084427,
    "success_rate": 0.3,
    "timeout_rate": 0.7,
    "total_time": 2.0989378333333333,
    "total_time_std": 1.2933616633647524
}