{"num_node_expansions": 1162.525179856115, "plan_length": 218.7841726618705, "search_time": 4.5759302165467615, "total_time": 8.994687676258993, "success_rate": 0.8081395348837209, "timeout_rate": 0.19186046511627908, "failure_rate": 0.0}