{
    "failure_rate": 0.0,
    "num_node_expansions": 1066.4310344827586,
    "num_node_expansions_std": 541.6391823570809,
    "plan_length": 204.81034482758622,
    "plan_length_std": 35.850002114438325,
    "search_time": 0.9329283103448275,
    "search_time_std": 0.6919530653023246,
    "success_rate": 0.3372093023255814,
    "timeout_rate": 0.6627906976744186,
    "total_time": 2.075601724137931,
    "total_time_std": 1.2856904865711036
}