{
    "failure_rate": 0.0,
    "num_node_expansions": 596.2857142857143,
    "num_node_expansions_std": 202.53351112655827,
    "plan_length": 130.52380952380952,
    "plan_length_std": 13.16061602125664,
    "search_time": 0.42040799999999995,
    "search_time_std": 0.25151032701698445,
    "success_rate": 0.12209302325581395,
    "timeout_rate": 0.877906976744186,
    "total_time": 1.9278679047619047,
    "total_time_std": 0.9894244473207598
}