{
    "failure_rate": 0.0,
    "num_node_expansions": 7916.9,
    "num_node_expansions_std": 3723.178573477238,
    "plan_length": 113.4,
    "plan_length_std": 14.242190842703941,
    "search_time": 5.919,
    "search_time_std": 1.9849304773719405,
    "success_rate": 0.25,
    "timeout_rate": 0.75,
    "total_time": 5.919,
    "total_time_std": 1.9849304773719405
}