{
    "failure_rate": 0.0,
    "num_node_expansions": 8698.333333333334,
    "num_node_expansions_std": 5315.625854236002,
    "plan_length": 114.4,
    "plan_length_std": 11.08031287163559,
    "search_time": 5.523333333333334,
    "search_time_std": 3.1531775860057243,
    "success_rate": 0.0872093023255814,
    "timeout_rate": 0.9127906976744186,
    "total_time": 5.523333333333334,
    "total_time_std": 3.1531775860057243
}