{"num_node_expansions": 1198.3076923076924, "plan_length": 24.53846153846154, "search_time": 12.854432846153845, "total_time": 12.985809999999999, "num_node_expansions_std": 1502.7710498949489, "plan_length_std": 3.953876084891199, "search_time_std": 12.505616208926781, "total_time_std": 12.532963958612601, "success_rate": 0.325, "timeout_rate": 0.675, "failure_rate": 0.0}