{"num_node_expansions": 852.4867256637168, "plan_length": 135.95575221238937, "search_time": 3.4286725663716817, "total_time": 3.4286725663716817, "num_node_expansions_std": 284.22177913611125, "plan_length_std": 18.459901235860293, "search_time_std": 3.018508541174135, "total_time_std": 3.018508541174135, "success_rate": 0.6569767441860465, "timeout_rate": 0.3430232558139535, "failure_rate": 0.0}