{
    "failure_rate": 0.0,
    "num_node_expansions": 124.70833333333333,
    "num_node_expansions_std": 180.6943734520315,
    "plan_length": 14.916666666666666,
    "plan_length_std": 3.5697416651006493,
    "search_time": 4.861314779166666,
    "search_time_std": 5.869801510891366,
    "success_rate": 0.8727272727272727,
    "timeout_rate": 0.12727272727272726,
    "total_time": 5.250947145833333,
    "total_time_std": 6.002297378230474
}